,Year,SE.SEC.NENR,SP.DYN.LE00.IN,NY.GDP.MKTP.KD.ZG,Country Code,Country Name,Region,Income Group,Lending Type
0,2010,88.38466,78.5414634146,2.5637665633999998,USA,United States,North America,High income,Not classified
1,2011,89.75284,78.6414634146,1.5508355042000002,USA,United States,North America,High income,Not classified
2,2012,89.29903,78.7414634146,2.249545851,USA,United States,North America,High income,Not classified
3,2013,89.46575,78.7414634146,1.8420810700999999,USA,United States,North America,High income,Not classified
4,2014,89.86874,78.8414634146,2.5259734504,USA,United States,North America,High income,Not classified
5,2015,91.27156,78.6902439024,2.9080218613,USA,United States,North America,High income,Not classified
6,2016,92.18317,78.5390243902,1.637838457,USA,United States,North America,High income,Not classified
7,2017,92.45022,78.5390243902,2.3698007844,USA,United States,North America,High income,Not classified
